<!--
 * ***** BEGIN LICENSE BLOCK *****
 * Zimbra Collaboration Suite Web Client
 * Copyright (C) 2011, 2012, 2013, 2014, 2015, 2016 Synacor, Inc.  All Rights Reserved.
 * ***** END LICENSE BLOCK *****
-->
<zimlet name="com_zimbra_securemail" version="1"
        label="${msg.label}"
        description="${msg.description}"
        target="main compose-window view-window">
    <include>js/ZmSecureMail.js</include>
    <include>js/ZmSecureMailPreferences.js</include>
    <include>js/ZmCertificatePasswordDialog.js</include>
    <include>js/ZmSecureCertificateUpload.js</include>
    <include>js/ZmSecureCertificateManager.js</include>
    <include>js/ZmSecureCertificatePreview.js</include>
    <include>js/ZmCertificateView.js</include>
    <include>templates/ZmSecureMail.template.js</include>
    <handlerObject>ZmSecureMail</handlerObject>
    <includeCSS>com_zimbra_securemail.css</includeCSS>
</zimlet>
