<zimlet name="com_zimbra_voiceprefs" version="0.2" label="${msg.label}" description="${msg.description}">
<!--
 * ***** BEGIN LICENSE BLOCK *****
 * Zimbra Collaboration Suite, Network Edition.
 * Copyright (C) 2012, 2013, 2014, 2016 Synacor, Inc.  All Rights Reserved.
 * ***** END LICENSE BLOCK *****
-->
    <!-- source -->
    <include>voice.js</include>
	
    <include>controller/ZmVoicePrefsController.js</include>
	<include>controller/ZmVoicePrefsGeneralController.js</include>


	<include>view/list/ZmVoicePrefsPhoneList.js</include>

	<include>view/page/ZmVoicePrefsPage.js</include>
	<include>view/page/ZmVoicePrefsGeneralPage.js</include>
    <include>view/dialog/ZmVoicePinDlg.js</include>
    <include>view/dialog/ZmVoiceAccountSettingsDlg.js</include>

    <include>view/UI/ZmVoicePrefsFeatureUI.js</include>
    <include>view/UI/ZmVoicePrefsGeneralUI.js</include>

    <include>templates/voice.template.js</include>
    <include>widgets/ZmVoiceEditPhoneDlg.js</include>
    <!-- styles -->
    <includeCSS>voice.css</includeCSS>
    <!-- handler -->
    <handlerObject>ZmVoicePrefs</handlerObject>
</zimlet>
